filename,resolution,crop_coverage,sharpness_laplacian,perspective_distortion,exposure,color_quality,obstructions,visible_portion,christ_complete,adam_eve_complete,left_right_groups_complete,mountains_background_visible,uses
2014_Interior_of_Chora_Church__12_.png,2048x1536,apse plus conch,954.2,strong perspective,varies,strong perspective; window glare; context only,none obvious,apse plus conch,partial,partial,partial,partial,GEOMETRY_REFERENCE
2014_Interior_of_Chora_Church__13_.png,2048x1536,apse plus conch,862.4,strong perspective,varies,strong perspective; window glare; context only,none obvious,apse plus conch,partial,partial,partial,partial,GEOMETRY_REFERENCE
Estambul__Mezquita_Kariye_1998_08.png,1051x709,full conch,4046.4,historical exposure/color differ,varies,historical exposure/color differ; low resolution,none obvious,full conch,yes,yes,yes,yes,COLOR_REFERENCE
F02-01.jpg,480x320,wide or lower detail,372.4,small guide image,varies,small guide image; photographer and tonal processing vary,none obvious,wide or lower detail,partial,partial,partial,partial,DETAIL_REFERENCE
F02-02.jpg,480x321,wide or lower detail,272.1,small guide image,varies,small guide image; photographer and tonal processing vary,none obvious,wide or lower detail,partial,partial,partial,partial,DETAIL_REFERENCE
Screenshot 2026-09-23 at 17.17.28.png,3456x2234,detail of figures or gates,390.9,viewer screenshot,varies,viewer screenshot; some contain picture-in-picture; viewpoint varies,viewer bars/thumbnail possible,Christ and mandorla,yes,no,no,no,DETAIL_REFERENCE
Screenshot 2026-09-23 at 17.17.34.png,3456x2234,detail of figures or gates,352.6,viewer screenshot,varies,viewer screenshot; some contain picture-in-picture; viewpoint varies,viewer bars/thumbnail possible,Christ with both extended arms,partial,partial,partial,no,DETAIL_REFERENCE
Screenshot 2026-09-23 at 17.17.36.png,3456x2234,detail of figures or gates,221.1,viewer screenshot,varies,viewer screenshot; some contain picture-in-picture; viewpoint varies,viewer bars/thumbnail possible,Adam and Christ wrist,no,partial,partial,no,DETAIL_REFERENCE
Screenshot 2026-09-23 at 17.17.39.png,3456x2234,detail of figures or gates,315.5,viewer screenshot,varies,viewer screenshot; some contain picture-in-picture; viewpoint varies,viewer bars/thumbnail possible,left figure group and Adam,no,partial,partial,partial,DETAIL_REFERENCE
Screenshot 2026-09-23 at 17.17.42.png,3456x2234,detail of figures or gates,798.7,viewer screenshot,varies,viewer screenshot; some contain picture-in-picture; viewpoint varies,viewer bars/thumbnail possible,left group and Adam,no,partial,partial,partial,DETAIL_REFERENCE
Screenshot 2026-09-23 at 17.17.49.png,3456x2234,detail of figures or gates,1149.3,viewer screenshot,varies,viewer screenshot; some contain picture-in-picture; viewpoint varies,viewer bars/thumbnail possible,Eve and right group,no,partial,partial,partial,DETAIL_REFERENCE
Screenshot 2026-09-23 at 17.17.51.png,3456x2234,detail of figures or gates,1153.3,viewer screenshot,varies,viewer screenshot; some contain picture-in-picture; viewpoint varies,viewer bars/thumbnail possible,Eve and right group,no,partial,partial,partial,DETAIL_REFERENCE
Screenshot 2026-09-23 at 17.17.53.png,3456x2234,full conch,839.5,perspective differs,varies,perspective differs; lower edge bright; viewer frame/thumbnail,viewer bars/thumbnail possible,whole conch at a distance,yes,yes,yes,yes,GEOMETRY_REFERENCE
Screenshot 2026-09-23 at 17.17.58.png,3456x2234,detail of figures or gates,623.7,viewer screenshot,varies,viewer screenshot; some contain picture-in-picture; viewpoint varies,viewer bars/thumbnail possible,lower gates and infernal elements,no,no,no,no,DETAIL_REFERENCE
Screenshot 2026-09-23 at 17.18.16.png,3456x2234,full conch,854.5,perspective differs,bright,perspective differs; lower edge bright; viewer frame/thumbnail,viewer bars/thumbnail possible,whole conch,yes,yes,yes,yes,GEOMETRY_REFERENCE
Screenshot 2026-09-23 at 17.18.24.png,3456x2234,detail of figures or gates,982.2,viewer screenshot,bright,viewer screenshot; some contain picture-in-picture; viewpoint varies,viewer bars/thumbnail possible,right group with Eve,partial,partial,partial,partial,DETAIL_REFERENCE
Screenshot 2026-09-23 at 17.18.35.png,3456x2234,detail of figures or gates,795.8,viewer screenshot,bright,viewer screenshot; some contain picture-in-picture; viewpoint varies,viewer bars/thumbnail possible,left group with Adam,partial,partial,partial,partial,DETAIL_REFERENCE
Screenshot 2026-09-23 at 17.18.48.png,3456x2234,full conch,808.7,frontal,bright,frontal; bright lower edge; no obstruction in painted field,viewer bars/thumbnail possible,whole conch,yes,yes,yes,yes,"MASTER_TEXTURE, GEOMETRY_REFERENCE"
a3-f02-001.jpg,480x360,wide or lower detail,238.8,small guide image,varies,small guide image; photographer and tonal processing vary,none obvious,wide or lower detail,partial,partial,partial,partial,DETAIL_REFERENCE
a3-f02-002.jpg,480x320,wide or lower detail,240.7,small guide image,varies,small guide image; photographer and tonal processing vary,none obvious,wide or lower detail,partial,partial,partial,partial,DETAIL_REFERENCE
a3-f02-003.jpg,480x321,wide or lower detail,470.4,small guide image,varies,small guide image; photographer and tonal processing vary,none obvious,wide or lower detail,partial,partial,partial,partial,DETAIL_REFERENCE
a3-f02-004.jpg,480x320,wide or lower detail,603.4,small guide image,varies,small guide image; photographer and tonal processing vary,none obvious,wide or lower detail,partial,partial,partial,partial,DETAIL_REFERENCE
web-ke-01-CAN09421.jpg,1600x1067,full conch,911.2,higher contrast,varies,higher contrast; watermark; oblique viewpoint,watermark,full conch,yes,yes,yes,yes,"COLOR_REFERENCE, GEOMETRY_REFERENCE"
web-ke-02-Isanin-Ayaklari-Altinda-Zincire-Vurulmus-Seytan.jpg,1234x825,detail of figures or gates,616.2,viewer screenshot,varies,viewer screenshot; some contain picture-in-picture; viewpoint varies,watermark,detail of figures or gates,partial,partial,partial,partial,DETAIL_REFERENCE
