id	query	tr	categories	district	phase	era
milion	Milion	Milyon Taşı	byzantine,other	fatih	P13	byzantine
chora	Chora Church	Kariye Camii	byzantine,mosque	fatih	P11	byzantine
hagia-sophia	Hagia Sophia	Ayasofya-i Kebîr Camii	byzantine,mosque	fatih	P12	byzantine
hippodrome	Hippodrome of Constantinople	Sultanahmet Meydanı	byzantine,other	fatih	P13	roman
obelisk-of-theodosius	Obelisk of Theodosius	Dikilitaş	byzantine,other	fatih	P13	ancient
serpent-column	Serpent Column	Yılanlı Sütun	byzantine,other	fatih	P13	ancient
walled-obelisk	Walled Obelisk	Örme Dikilitaş	byzantine,other	fatih	P13	byzantine
great-palace-mosaic-museum	Great Palace Mosaic Museum	Büyük Saray Mozaikleri Müzesi	byzantine,museum	fatih	P13	byzantine
great-palace	Great Palace of Constantinople	Büyük Saray	byzantine,palace	fatih	P13	byzantine
column-of-constantine	Column of Constantine	Çemberlitaş	byzantine,other	fatih	P13	roman
boukoleon	Boukoleon Palace	Bukoleon Sarayı	byzantine,palace	fatih	P13	byzantine
basilica-cistern	Basilica Cistern	Yerebatan Sarnıcı	byzantine,cistern	fatih	P14	byzantine
theodosius-cistern	Theodosius Cistern	Şerefiye Sarnıcı	byzantine,cistern	fatih	P14	byzantine
binbirdirek	Cistern of Philoxenos	Binbirdirek Sarnıcı	byzantine,cistern	fatih	P14	byzantine
aetius-cistern	Cistern of Aetius	Karagümrük Çukurbostanı	byzantine,cistern	fatih	P14	byzantine
aspar-cistern	Cistern of Aspar	Yavuz Selim Çukurbostanı	byzantine,cistern	fatih	P14	byzantine
mocius-cistern	Cistern of Mocius	Altımermer Çukurbostanı	byzantine,cistern	fatih	P14	byzantine
nakilbent	Nakilbent Cistern	Nakilbent Sarnıcı	byzantine,cistern	fatih	P14	byzantine
yenikapi	Harbour of Eleutherios	Yenikapı / Theodosius Limanı	byzantine,other	fatih	P14	byzantine
land-walls	Walls of Constantinople	İstanbul Kara Surları	byzantine,fortification	fatih	P15	byzantine
yedikule	Yedikule Fortress	Yedikule Hisarı	byzantine,fortification	fatih	P15	ottoman
tekfur-palace	Palace of the Porphyrogenitus	Tekfur Sarayı	byzantine,palace,museum	fatih	P15	byzantine
anemas-prisons	Prison of Anemas	Anemas Zindanları	byzantine,fortification	fatih	P15	byzantine
rumeli-hisari	Rumelihisarı	Rumeli Hisarı	fortification	sariyer	P15	ottoman
anadolu-hisari	Anadoluhisarı	Anadolu Hisarı	fortification	beykoz	P15	ottoman
blachernae	Blachernae	Ayvansaray / Blahernai	byzantine,other	fatih	P15	byzantine
little-hagia-sophia	Little Hagia Sophia	Küçük Ayasofya Camii	byzantine,mosque	fatih	P16	byzantine
fethiye	Pammakaristos Church	Fethiye Camii ve Müzesi	byzantine,mosque,museum	fatih	P16	byzantine
zeyrek	Zeyrek Mosque	Zeyrek Camii	byzantine,mosque	fatih	P16	byzantine
kalenderhane	Kalenderhane Mosque	Kalenderhane Camii	byzantine,mosque	fatih	P16	byzantine
gul-mosque	Gül Mosque	Gül Camii	byzantine,mosque	fatih	P16	byzantine
vefa-kilise	Vefa Kilise Mosque	Vefa Kilise Camii	byzantine,mosque	fatih	P16	byzantine
bodrum-mosque	Bodrum Mosque	Bodrum Camii	byzantine,mosque	fatih	P16	byzantine
fenari-isa	Fenari Isa Mosque	Fenari İsa Camii	byzantine,mosque	fatih	P16	byzantine
stoudios	Monastery of Stoudios	İmrahor Camii / Studios	byzantine,mosque	fatih	P16	byzantine
hagia-irene	Hagia Irene	Aya İrini	byzantine,museum	fatih	P29	byzantine
valens-aqueduct	Valens Aqueduct	Bozdoğan Kemeri	byzantine,other	fatih	P16	roman
galata-tower	Galata Tower	Galata Kulesi	tower,museum	beyoglu	P16	medieval
chalcedon	Chalcedon	Khalkedon / Kadıköy	byzantine,other	kadikoy	P16	ancient
chrysopolis	Chrysopolis	Khrysopolis / Üsküdar	byzantine,other	uskudar	P16	ancient
maidens-tower	Maiden's Tower	Kız Kulesi	tower,museum	uskudar	P16	byzantine
princes-islands	Princes' Islands	Adalar	byzantine,other	adalar	P16	byzantine
yoros-castle	Yoros Castle	Yoros Kalesi	byzantine,fortification	beykoz	P16	byzantine
bathonea	Bathonea	Bathonea	byzantine,other	avcilar	P16	ancient
silivri	Silivri	Silivri / Selymbria	byzantine,other	silivri	P32	ancient
anastasian-wall	Anastasian Wall	Anastasios Suru	byzantine,fortification	catalca	P16	byzantine
kucukyali-arkeopark	Küçükyalı Arkeopark	Küçükyalı Arkeopark	byzantine,other	maltepe	P16	byzantine
suleymaniye	Süleymaniye Mosque	Süleymaniye Camii	mosque	fatih	P25	ottoman
rustem-pasha	Rüstem Pasha Mosque	Rüstem Paşa Camii	mosque	fatih	P26	ottoman
mihrimah-edirnekapi	Mihrimah Edirnekapı Mosque	Mihrimah Sultan Camii (Edirnekapı)	mosque	fatih	P26	ottoman
mihrimah-uskudar	Mihrimah Üsküdar Mosque	Mihrimah Sultan Camii (Üsküdar)	mosque	uskudar	P26	ottoman
sehzade	Şehzade Mosque	Şehzade Camii	mosque	fatih	P26	ottoman
selimiye-edirne	Selimiye Mosque	Selimiye Camii (Edirne)	mosque	-	P26	ottoman
sokollu-mehmed-pasha	Sokollu Mehmed Pasha I Mosque	Sokollu Mehmed Paşa Camii	mosque	fatih	P26	ottoman
kilic-ali-pasha	Kılıç Ali Pasha Mosque	Kılıç Ali Paşa Camii	mosque	beyoglu	P26	ottoman
atik-valide	Atik Valide Mosque	Atik Valide Camii	mosque	uskudar	P26	ottoman
semsi-pasha	Şemsi Pasha Mosque	Şemsi Paşa Camii	mosque	uskudar	P26	ottoman
molla-celebi	Molla Çelebi Mosque	Molla Çelebi Camii	mosque	beyoglu	P26	ottoman
kara-ahmed-pasha	Kara Ahmed Pasha Mosque	Kara Ahmed Paşa Camii	mosque	fatih	P26	ottoman
piyale-pasha	Piyale Pasha Mosque	Piyale Paşa Camii	mosque	beyoglu	P26	ottoman
zal-mahmud-pasha	Zal Mahmud Pasha Mosque	Zal Mahmud Paşa Camii	mosque	eyupsultan	P26	ottoman
haseki-hurrem-bath	Haseki Hürrem Sultan Hamamı	Haseki Hürrem Sultan Hamamı	bath	fatih	P26	ottoman
maglova-aqueduct	Mağlova Aqueduct	Mağlova Kemeri	other	eyupsultan	P26	ottoman
buyukcekmece-bridge	Kanuni Sultan Suleiman bridge	Kanuni Sultan Süleyman Köprüsü	other	buyukcekmece	P26	ottoman
sultanahmet-mosque	Sultan Ahmed Mosque	Sultanahmet Camii	mosque	fatih	P27	ottoman
yeni-mosque	New Mosque	Yeni Cami	mosque	fatih	P27	ottoman
spice-bazaar	Spice Bazaar	Mısır Çarşısı	bazaar	fatih	P27	ottoman
fatih-mosque	Fatih Mosque	Fatih Camii	mosque	fatih	P27	ottoman
eyup-sultan	Eyüp Sultan Mosque	Eyüp Sultan Camii	mosque	eyupsultan	P27	ottoman
nuruosmaniye	Nuruosmaniye Mosque	Nuruosmaniye Camii	mosque	fatih	P27	ottoman
laleli	Laleli Mosque	Laleli Camii	mosque	fatih	P27	ottoman
nusretiye	Nusretiye Mosque	Nusretiye Camii	mosque	beyoglu	P27	ottoman
ortakoy	Ortaköy Mosque	Büyük Mecidiye Camii	mosque	besiktas	P27	ottoman
dolmabahce-mosque	Dolmabahçe Mosque	Bezmialem Valide Sultan Camii	mosque	besiktas	P27	ottoman
pertevniyal-valide	Pertevniyal Valide Sultan Mosque	Pertevniyal Valide Sultan Camii	mosque	fatih	P27	ottoman
yeni-valide	Yeni Valide Mosque	Yeni Valide Camii	mosque	uskudar	P27	ottoman
sakirin	Şakirin Mosque	Şakirin Camii	mosque	uskudar	P27	modern
sancaklar	Sancaklar Mosque	Sancaklar Camii	mosque	buyukcekmece	P27	modern
camlica	Çamlıca Mosque	Büyük Çamlıca Camii	mosque	uskudar	P27	modern
archaeology-museums	Istanbul Archaeology Museums	İstanbul Arkeoloji Müzeleri	museum	fatih	P28	ottoman
ancient-orient-museum	Museum of the Ancient Orient	Eski Şark Eserleri Müzesi	museum	fatih	P28	ottoman
tiled-kiosk	Tiled Kiosk	Çinili Köşk	palace,museum	fatih	P28	ottoman
topkapi	Topkapı Palace	Topkapı Sarayı	palace,museum	fatih	P29	ottoman
dolmabahce-palace	Dolmabahçe Palace	Dolmabahçe Sarayı	palace,museum	besiktas	P29	ottoman
beylerbeyi-palace	Beylerbeyi Palace	Beylerbeyi Sarayı	palace,museum	uskudar	P29	ottoman
yildiz-palace	Yıldız Palace	Yıldız Sarayı	palace,museum	besiktas	P29	ottoman
kucuksu	Küçüksu Palace	Küçüksu Kasrı	palace,museum	beykoz	P29	ottoman
aynalikavak	Aynalıkavak Palace	Aynalıkavak Kasrı	palace,museum	beyoglu	P29	ottoman
ihlamur	Ihlamur Palace	Ihlamur Kasırları	palace,museum	besiktas	P29	ottoman
panorama-1453	Panorama 1453 History Museum	Panorama 1453 Tarih Müzesi	museum	zeytinburnu	P29	modern
turkish-islamic-arts	Turkish and Islamic Arts Museum	Türk ve İslam Eserleri Müzesi	museum	fatih	P30	ottoman
pera-museum	Pera Museum	Pera Müzesi	museum	beyoglu	P30	modern
naval-museum	Istanbul Naval Museum	İstanbul Deniz Müzesi	museum	besiktas	P30	modern
military-museum	Istanbul Military Museum	Harbiye Askerî Müzesi	museum	sisli	P30	modern
istanbul-modern	Istanbul Modern	İstanbul Modern	museum	beyoglu	P30	modern
sakip-sabanci	Sakıp Sabancı Museum	Sakıp Sabancı Müzesi	museum	sariyer	P30	modern
rahmi-koc	Rahmi M. Koç Museum	Rahmi M. Koç Müzesi	museum	beyoglu	P30	modern
innocence-museum	Museum of Innocence	Masumiyet Müzesi	museum	beyoglu	P30	modern
arter	Arter	Arter	museum	beyoglu	P30	modern
hisart	Hisart Live History Museum	Hisart Canlı Tarih Müzesi	museum	kagithane	P30	modern
toy-museum	Istanbul Toy Museum	İstanbul Oyuncak Müzesi	museum	kadikoy	P30	modern
asiyan	Aşiyan Museum	Aşiyan Müzesi	museum	sariyer	P30	modern
sait-faik	Sait Faik Abasıyanık Museum	Sait Faik Abasıyanık Müzesi	museum	adalar	P30	modern
adalar-museum	Museum of the Princes' Islands	Adalar Müzesi	museum	adalar	P30	modern
florence-nightingale	Florence Nightingale Museum	Florence Nightingale Müzesi	museum	uskudar	P30	modern
san-marco	St Mark's Basilica	San Marco Bazilikası	byzantine,museum	-	P31	medieval
venice	Venice	Venedik	other	-	P31	medieval
vienna	Vienna	Viyana	other	-	P31	modern
karnak	Karnak	Karnak	other	-	P31	ancient
delphi	Delphi	Delfi	other	-	P31	ancient
sidon	Sidon	Sayda	other	-	P28	ancient
edirne	Edirne	Edirne	other	-	P26	ottoman
sile-lighthouse	Şile Lighthouse	Şile Feneri	tower	sile	P32	ottoman
sile-castle	Şile Castle	Şile Kalesi	fortification	sile	P32	medieval
riva	Riva Castle	Riva Kalesi	fortification	beykoz	P32	ottoman
rumeli-feneri	Rumeli Feneri	Rumeli Feneri	tower	sariyer	P32	ottoman
belgrad-forest	Belgrad Forest	Belgrad Ormanı	other	sariyer	P32	ottoman
incegiz	İnceğiz Cave Monastery	İnceğiz Mağara Manastırı	byzantine,other	catalca	P32	byzantine
sadabad	Sadabad Palace	Sadabad Sarayı	palace	kagithane	P32	ottoman
kuleli	Kuleli Military High School	Kuleli	other	uskudar	P32	ottoman
bosphorus	Bosphorus	İstanbul Boğazı	other	sariyer	P32	ancient
golden-horn	Golden Horn	Haliç	other	fatih	P15	ancient
galata-bridge	Galata Bridge	Galata Köprüsü	other	beyoglu	P20	modern
grand-bazaar	Grand Bazaar	Kapalıçarşı	bazaar	fatih	P20	ottoman
karakoy	Karaköy	Karaköy	other	beyoglu	P20	medieval
galata	Galata	Galata	other	beyoglu	P20	medieval
divanyolu	Divanyolu	Divanyolu	other	fatih	P13	byzantine
burgazada	Burgazada	Burgazada	other	adalar	P30	byzantine
buyukcekmece	Büyükçekmece	Büyükçekmece	other	buyukcekmece	P32	ottoman
kucukcekmece	Küçükçekmece	Küçükçekmece	other	kucukcekmece	P32	byzantine
beykoz	Beykoz	Beykoz	other	beykoz	P32	ottoman
sariyer	Sarıyer	Sarıyer	other	sariyer	P32	ottoman
catalca	Çatalca	Çatalca	other	catalca	P32	byzantine
tuzla	Tuzla	Tuzla	other	tuzla	P32	modern
pendik	Pendik	Pendik	other	pendik	P32	ancient
kartal	Kartal	Kartal	other	kartal	P32	modern
maltepe	Maltepe	Maltepe	other	maltepe	P32	modern
eyupsultan	Eyüpsultan	Eyüpsultan	other	eyupsultan	P32	ottoman
sile	Şile	Şile	other	sile	P32	ottoman
kagithane	Kağıthane	Kağıthane	other	kagithane	P32	ottoman
belgrade-gate	Belgradkapı	Belgradkapı	byzantine,fortification	fatih	P15	byzantine
silivri-gate	Silivrikapı	Silivrikapı	byzantine,fortification	fatih	P15	byzantine
mevlana-gate	Mevlanakapı	Mevlanakapı	byzantine,fortification	fatih	P15	byzantine
topkapi-gate	Topkapı city gate	Topkapı semti	byzantine,fortification	fatih	P15	byzantine
edirnekapi	Edirnekapı Istanbul	Edirnekapı	byzantine,fortification	fatih	P15	byzantine
kerkoporta	Kerkoporta	Kerkoporta	byzantine,fortification	fatih	P15	byzantine
mese	Mese Constantinople	Mese Caddesi	byzantine,other	fatih	P21	byzantine
sinan-tomb	Tomb of Mimar Sinan	Mimar Sinan Türbesi	other	fatih	P25	ottoman
suleyman-tomb	Suleiman the Magnificent mausoleum	Kanuni Sultan Süleyman Türbesi	other	fatih	P25	ottoman
hurrem-tomb	Hürrem Sultan mausoleum	Hürrem Sultan Türbesi	other	fatih	P25	ottoman
gate-of-salutation	Gate of Salutation	Bâbüsselâm	palace	fatih	P29	ottoman
baghdad-kiosk	Baghdad Kiosk	Bağdat Köşkü	palace	fatih	P29	ottoman
revan-kiosk	Revan Kiosk	Revan Köşkü	palace	fatih	P29	ottoman
galata-walls	Walls of Galata	Galata Surları	fortification	beyoglu	P16	medieval
via-egnatia	Via Egnatia	Egnatia Yolu	other	-	P13	roman
